User,Fairness
APAIWCJHGX629,0.6521902390971018
A2X2GEABQXRX7P,0.6543970119113803
AAHV0LYDMZGY8,0.6681172792101103
A3K9OQPCI8UJE,0.6696522504005956
A1IB42LRNA9QLW,0.711195046952049
A2W7M00WSI4JND,0.7254954504144265
A17RFKCYS69M3Y,0.726513406015314
A2F9CJMZL8RV5X,0.730324355071739
A2AAS19L5VE69J,0.7315293321034972
A30H8ACW807Q2F,0.7369293350397398
A118PM0B1PGWDA,0.7411733422392233
A1UB6Z3RO4TQYW,0.7442067790180694
A26XO77O4UZAM1,0.7499906957308923
ALAJL3S09HBS7,0.7592459134182608
A2KFKEME4A9ATW,0.7598102595841815
ASSWUAOO49Z8Q,0.7602232134850467
A136IQFGB01KQB,0.7623767531187907
A6M441DQ7HL09,0.762658580624031
AZVME8JMPD3F4,0.7642677266874739
A6YFBJS4CO4LK,0.7649330902911897
A2GWY78Y3YZ1I6,0.7654092539161088
A3VIIH9ZNJ823H,0.7682684316440712
A2VWNZNFV8QCP0,0.7687839951913357
AJBBU53A0X84I,0.7690796174821911
A1N3DS96OC1VSP,0.7706973426996606
A1B3CNORXB1USI,0.771720850143894
A3N0E03AQD128O,0.7722815726513929
A1M8AYAL3L8ACP,0.772404171973671
A2C46HQIZLYJUC,0.7746949348373131
A1M3XD9UV3PD3I,0.7789178682222339
A768OB1LNE356,0.7790446724558261
A1J7TNASRMM7RE,0.7795654943384792
A3KBFCPNQ58YK4,0.779722064567955
A3UD50M7M72150,0.7807903946184067
AOX51LGDI2XP3,0.7812684800117026
A38VS0KEZ0W44C,0.7824260801926421
A1KG0F7VHZGO5L,0.7831674344433913
AKU08YQLMKO6D,0.7832301277767181
A6OLPMJ9HH4IP,0.7852698170467951
A2K2JY09CJI7HR,0.7856951415840046
A24JUT24W1K3CV,0.7864889893010729
A32QOZWIKQDNZX,0.7901083857153738
A39KDVU5JAXJIF,0.7908186466017505
A196D02N89FEK,0.7910378291408328
A2Y8JW5NSY95OL,0.7911463669032202
A3DF9X8J51MFDO,0.7917991562235877
A3USVXMH3QNRLG,0.7921118946957261
A2UX9BF36MYEXK,0.7928190701957498
A2BB6IKKR4G40J,0.7936648618421007
A3H4PZB9PGMWAA,0.7941919406472795
A2A1FY1R3J4ZKS,0.7944695742617885
A31VP8LQCQ1HUT,0.794473783598984
A3A4UKJUP34E18,0.794913286841377
A1ARIIDS0IPYLC,0.7949609035593025
A5SF5XIV42MW5,0.7953765921680891
A2P924QJ8N0QO0,0.7956243570063225
A1J8J8FQEMP8E6,0.7962153167275684
A17RJOIEGF8S1I,0.796884784043074
A3RHPUZBOP4D47,0.7985150187798683
A1H55L0BLPCWYF,0.7987518493064513
A1LDMAZ3C8Q907,0.7997028550379459
A10044ECXDUVKS,0.800160201452498
A2HDEN9SPBWC5I,0.8007300647411468
A1FJBWP2R3NSH4,0.8009546590110862
A2IDOKLAT1MP8X,0.8017572152856096
A14XXL4GMWSI47,0.8021504104185565
A2N4QZ92NBKJZZ,0.8031093645362274
ALHC64J88LVWO,0.8031340986476411
A3TA1UJWRJF9NC,0.8040192144508795
A15N3ETU8WWAUB,0.8040805422762033
AV2HVZ6BJG63Y,0.8045171719753353
A1LH6RF4UN9VI6,0.8047883418911603
ALMF1J8U7ESME,0.8050404885117493
A3GZ4FZE365SVJ,0.805476897580369
A3MZWM75KSM1P6,0.805891179552457
A1OV2BH2S11KBA,0.8061897406685948
A3R7R8ARVN2P3D,0.806640803190769
A21V6HGU6SU4JG,0.8068606876628277
A27DR1VO079F1V,0.8070602477779021
A38YA15XTW6CWG,0.8070814161085352
A11P7PDFFZFVWO,0.8077505716150104
A29ADW1P94TQ3E,0.807887523441849
A37WW789WSY81F,0.8083564690620232
A3USVJXZXK7XRI,0.8083576649181765
A16Z3HTUIYPDH8,0.8088550215083249
AL1PNYDIILV4D,0.8088882919335141
A37AQI4AU3JWSR,0.8089540462279002
AT09WGFUM934H,0.809072942316851
A1FQHYE75DCN3Z,0.8092101335438411
A23GJP3DRWFPFZ,0.8093587098101517
AGZJROPSY44SD,0.8094466763162528
A3GH47E9FF8WN1,0.8100176584738837
A31B0LYT2C92SN,0.8102659613847022
A20TFY5J3WNJU2,0.8117518370298431
A3237FOR4LVBZO,0.8119154141983215
A1BZHWOFQ9W3BP,0.8119775655246224
A18P5I03P4U8AI,0.8120657334467097
A28XKQJVWGX88K,0.8132427969608523
AWWN9XK9AHTG5,0.8142541064663734
A3PGQWCSJPCYDH,0.8145656024590419
A2RDI91JJM1KPT,0.8153384957063277
A2Y2U697SS98E1,0.8157956873705361
A3TBMAWIIHKHFN,0.8159504952517003
A3G6P4SJ8SYH9F,0.8163204858011275
A16T2376TXBZM2,0.8167926316472406
A3SUC2DJYHUU9Y,0.8167984005900305
A3CR1EV98GQ87X,0.8168089373576135
A27U7Z62JUZAXK,0.8176166476328339
A2TSUJLFHB61W3,0.8178976459191168
A1W1CUVUE6C64R,0.8179401130445388
ADG693PCMN6QM,0.8186993087778498
AZ0LJNEP2VRD1,0.8194869301348541
AWIG50VOI5VUV,0.8196178136727982
A129ASSM0B79SJ,0.8198915069032215
AD5G39PJUJVJ,0.8201035388624582
A2QTIQ24E6GVDU,0.8201246447287944
A35XRT4BW4I6UD,0.8202516176318151
A5E86VT8WFN4Z,0.8204862977408693
A223S6N0DBQBHP,0.8207660108730663
AG3PVU7DCXZTK,0.8209399480168695
A9J03MF2689TS,0.8212055639923601
A3V1A3C9DTLPME,0.8214322821065813
A1803TC7DCT5ZA,0.8214916230647876
A2053ZJUGCKUA5,0.8215922408131069
A1D0MM84A9BV49,0.8219727291181033
A34BZPTKSY68PB,0.8223396936237775
A2G2DXPFZKG48W,0.8230712893319244
AYM76JWI220Z4,0.8230723733087215
AUK79PXTAOJP9,0.8231445255099568
A3J8U952XAL34Z,0.8234405165274032
AKLDKUON6YY0X,0.823484211525262
ANAKK5KNUAP17,0.8236379033071979
AJQPSPYPVVL1G,0.8238449962993794
A3QK723XT3MJXZ,0.823860503503209
A2OUOTJQ1W8L25,0.8239620971303514
A38DCVO9SZHW68,0.8240792405498056
A27GPJSZDRQ1ZW,0.8241668807310003
A1V3N0LF1QGG0X,0.8243593551473837
APN77K8OVE97N,0.8247156779674543
A3CG1XH8G9AFSK,0.82490852379816
A3HU0B9XUEVHIM,0.8250152805252521
A2YGWCX3DQ6ER0,0.8252522590354444
A2LUJ7HIK09GEU,0.82525397886831
A5T1AJ2TYYT2U,0.8253698940462044
A1TSKKBNV38E8Y,0.8253863518150683
A26GUM1C5M1E51,0.8257304843186942
AUL0VDUB52ZA4,0.8258416888609583
A2PX3NR1IVTXPG,0.8259118129769966
A1VFUMY02HJIFY,0.826122482281009
A23HJIRA5PIMG0,0.8262029816746551
A1IL0PS2XJB4NS,0.8263515626175936
A2HIRKOAFQQLBE,0.8264671732505596
AW1VA3H8A5N12,0.8272191070355898
AMNTZU1YQN1TH,0.8279155430445365
ANGH2JWPH9TDR,0.827943178768478
A2PD27UKAD3Q00,0.8280558593925315
A18MMME07XZLYO,0.8282789065434177
A2P3Q65JU68Z5M,0.8285204531262007
A3SDJ70H00OQCJ,0.8285979602804614
A34KO3JNKTZU6Y,0.8291275021273847
A2C00NNG1ZQQG2,0.8294606117616046
A2QJQ3HSJB4NS,0.8294745902604399
A1SZV27UAU3HI7,0.8295010284215621
A91PW87FR65XH,0.8296416197610006
A2IJD00DG56E4B,0.8296530206806498
A3ARSPDQYDZVNS,0.8296701056671931
A3OJ0RGAECAGH8,0.8297300020542936
A28ME2HBOF1HFO,0.8297869449813613
A3HMFQWM9Q21SD,0.8298797899951784
AVOKN4NDZCN78,0.8299135668331443
AU9RL6MBM25YY,0.8303204314206
A3G9836LYVXE7A,0.8306404623648126
AENULRBQ2IE5I,0.8306651639888107
AFS3FQR5JSDVJ,0.8311707073427018
A2ZUHWM3EGEAAE,0.8312153357277555
A1LS2UXHG1BYRG,0.8314500007828111
A1JNV4K56GG94R,0.8316386770314861
A2NPN06SYI5VL3,0.8317916861424955
A1J3XDC0BMENPF,0.8318051939638683
A1ZRXGT8QJXGET,0.8318196601743056
A136M3QYHUVN9A,0.8318498594568866
A1BCRHGUE3ZWEU,0.8318793362487347
A1KF61HK8BM4D2,0.831956196431847
ABZYVME9NYCQG,0.8320294828228852
A306YUQBEB2R9T,0.8323860405007072
A1B2Z34OOXFMEM,0.8326885918452365
ALB04NLERUCYC,0.8328975610118903
A2P1Z9NUJ9H1RT,0.8330878741966374
A37A41GWQFMK3D,0.8332108879975475
A3IICSS30MRX9M,0.8332345566446705
AEG2MOBNK5KCA,0.8332440679228382
A2RIQKV4OOXME1,0.8332754077274508
A37KK1CLMULHE4,0.8333543549243642
A7VL0VFXHDHGX,0.8334711247166734
AMEZJVXMSEPY0,0.8336445367664649
ASG42G9QTBUX1,0.8337223388697647
A21Q29J3ZWPDNP,0.833759064508874
A2A039TZMZHH9Y,0.8337854108796465
A13NWJUMVNS6YZ,0.8341264390043341
A3HKX5UIDJ403N,0.8344044567034316
A3W2KQ6CLTQ0ZD,0.8344389367617638
A397ND4UT6BTXR,0.8347225030052396
A3LHHW6WRRXEDJ,0.8347435357279525
A1TK1G6QGO88QF,0.83476982849814
A2QIMFHOJEEYYT,0.834856864600424
A30J7WQV0ZNRXG,0.8349470483476777
A5TFHR6OL1O9N,0.8349797127205568
A34O0KQV4QXWNQ,0.8351673865947318
A2Y7BSQG9V3LNG,0.8351911251990798
A3I23DPVLDXAB2,0.8354917571235275
AKHWZ3S1UVZAO,0.8355917265929954
A3ITN3125FJETP,0.8356105869816788
A17YMIS48GKK91,0.8357275371157412
A3M1PLEYNDEYO8,0.8357509783507879
A1Y200FSB7XBP3,0.8360940763760546
APH7O58XJXKPT,0.8366007579474098
A1SD1C8XK3Z3V1,0.8368196924860105
AK3MP93DSAB5B,0.8368804097975895
A333OWA198OUIA,0.8369258389115495
A1MH0P8PE6AT4P,0.8369809069140739
A30TT7GTLNU9UG,0.8370247599366484
A31GQ2U36G30IG,0.8372683370963102
A14Z9LAETO21KL,0.8372761835054495
ALAY8GVFBUQ9L,0.837311099296662
A3HP3GQP8RFHYT,0.8376319792517326
A4BTCECGQAIUI,0.8376441299110616
A15TYOEWBQYF0X,0.8376973311493174
AEUG4DYQZJ64Z,0.8377637472193638
A12SSZIN555FTL,0.8379222516855559
A1ESUYMIG3TZT0,0.8379314419542715
A1KO6FM2PGCYC8,0.8380739684698632
A293ZBWKBDWBCD,0.8381168026995585
A3NHUK1ISMZCFZ,0.8381896009090454
A2M93TVNC93C3P,0.838192464976489
A3ABAA36CZVYNX,0.8381930146887652
AB0XOMFCYELCK,0.8382581395094817
A2S8G6OVAK19EX,0.8385952105505775
A3GGYUI3FORTTN,0.838847129445321
AX2X0I6NZ32ZQ,0.8388885021036112
AL75H9P3RTXOI,0.8390156331106329
A1S7QABO64Z554,0.8391096945829417
A3CUYX2VXZM9KO,0.8391498430721321
AF0V1Q3MONVKS,0.8392537607048678
AKYDGCKCY7H9F,0.839353224284373
A202CZ4PJH83G4,0.839444605406934
AU4ZDB7EVHTNL,0.8395196309122895
A2SSQ3TW63R3OB,0.8395454828064562
AMRF7G4JDS0AZ,0.8395842284045146
A3H4S6YO9VNGDZ,0.8397788423087698
A2OL5WLCNZVD9K,0.8402700718263754
A3CYQN9PCL8556,0.840348728572384
AYSAAG0S2ER2Y,0.8403672810329192
A3VINMY1DIEHL7,0.840452295126003
A3JL6PM6GYM7CL,0.8405319216009305
A1JDT2X4BYHZZL,0.8406869258991632
A2F92AOWTIUIB,0.840738482243462
A9P4Q7KX35RS2,0.840789005202543
A1MI9FDCNB3CMR,0.8408691354065113
A3775OP5VTX5ON,0.841141139995356
AKT8TGIT6VVZ5,0.8412917966850513
A2I68YUPOE32TF,0.8415109911651091
A26RD9DK5FQEQ3,0.8415463944278372
A1JCRZEQACX4V4,0.8415759975840795
AKPVT396SPLII,0.841702816018981
AX1Z5RQ1LWMM2,0.8419172638671104
A3DR4BRL5P08I3,0.841931404430434
A3N5L13UL0JDH4,0.8419365681036581
AR6CAR106LX2Y,0.8419857257736275
A2VAD79S4A06DD,0.8422118650775999
A1BI6SL4H95QI2,0.8422178042332108
A2ECB2LWIJ8Y8Y,0.8422197372138501
A17MLUII03C5JP,0.8423937075339095
A2P83FWHR36WN1,0.8425398162904698
A2SHWIOE8TVWJ2,0.8427436829997138
AEHDGUE3L90ZS,0.8428560258541212
AOVUG6TEO2MVO,0.843002374722841
A14JBDSWKPKTZA,0.8431404851995244
A1HQN6CNAO683Y,0.8432265946386032
A2I3A2R16A5QIN,0.8436538326497143
A6D91KPQGIDKZ,0.8437459510097929
A1EMD22HC94SI1,0.843767843188293
A2RVY2GDMZHH4,0.8438440860236975
ARA1KBO52XB7R,0.8440826399560933
A1ZMV5QSAR8V2L,0.8441368673902558
A2WA8TDCTGUADI,0.8441815836429024
A25ZBYVW8ZINLM,0.8443061132907962
A2WZWY5MQTXO0R,0.8443640393393996
A25QPZOMZTFFV8,0.8443976288427751
A3IVULXGE2PB43,0.8444740645183045
AY779HH9GDZZ4,0.8445909613006519
AMP0Z3DR4RCH7,0.8445971477402191
A2L7WYA5OENV03,0.8447971193038292
A2JMJVNTBL7K7E,0.8448375440771858
A5PXCTMUEQNDK,0.8450796364827757
A1LISLP14OYQG,0.8451918297937111
A3872Y2XH0YDX1,0.8453253102569608
A3AI7RIH70YXAI,0.8454528595884567
AZMHABTPXVLG3,0.8455688107767785
A27JGQLNMPJAPL,0.845663721006465
A1ZXTQA6K1YOJ0,0.8457422372227212
A1YCDZ4K4G0CN3,0.845864549597053
A2O8BAXJPDSV0M,0.8458925252458016
A3P2J1W1RBUX6Q,0.8461022780323871
AN5ISBOQ5U7C,0.8461526928400857
A1DF234IS79KVF,0.8461772059693744
AXMXE3RT660HQ,0.8462336946542014
A2DQGJO096YA0V,0.8462516779005944
A37KPTFRDAUFGW,0.8462557319073043
A3TM9RWCTMIK42,0.8464095392362565
A2CJVLER896Q7L,0.8465435779656079
A2SUG35F6A6S3C,0.846616903679042
A29D9K9SLMENS4,0.8467380618421579
AOZBVGFIUY44X,0.8467502729264428
AVDW3OAVWWE05,0.8467622806200571
A1L7M2JXN4EZCR,0.8467875288352369
A35D9ODUCAMF5G,0.8468041566225879
A396ELNTQDFYPO,0.8468741195070818
A110ZEDSNASVCO,0.8469551292218944
A3HN470MGR70D2,0.8469886407435283
AO68X66YOJGQI,0.8470932034354108
A35HTG0YUEKFGM,0.8471695382271688
A2DLPRD1FYNW7H,0.8472026652615549
A3DPGV307X2498,0.8473357038552598
AQT4V74P38PPU,0.8473372221681412
A21VHEHHJ1GBC8,0.8476936663742657
A1MH7LD4Y203Q5,0.8477159570030384
A2IROAVGAK1G0S,0.8477761948349538
A1S0HTDO0P4N5V,0.8477849342775924
A22810LZ1TDWH2,0.8479098836299032
A3347V0SDFHQBA,0.8481853728414857
A164BJ2NU1NSJZ,0.8482488354173114
A1NGFLLBENI6FG,0.8484470975476288
A3RHT4KI3H5TVH,0.8484672213208599
A10APIDAZISWQF,0.848533712192486
AL7VUL13BO3P5,0.8485761043583224
A2F2L5F9OWWVY6,0.8486408439781932
A3IGQ7TY3NHKFG,0.848654462429341
A27KQGXAU8Z7OT,0.8486753557842464
A3AYG8KARLUBN1,0.8488465517373898
A2VSNUK7YLRKRE,0.8488633297925926
A1A15ECLHM9BQY,0.8489136827056385
A2101DHHDMZ93X,0.848948406015939
A13A81NN0NRD1S,0.8490386106397163
A2RCV60MNI5VTV,0.8491495812484965
A17M01FQITC8WC,0.8491686455125514
A8L6Z9U1TCP06,0.8492317606921587
A26U7I13QO5E0C,0.849616561020113
A1YNH0LC69JYU4,0.8496496002769832
A3VPJNX40SBP1M,0.84965454079639
A1EUO0BU72JR7T,0.8496815953600977
A31XY5BETE8DUC,0.849735466344457
A1C0O09LOLVI39,0.8498064966703234
ASCOQL6HNN0OE,0.8498434413469553
A2L8Q6IYQXBO90,0.8499224799897477
A3D42ZX96FA6EW,0.8499371936744625
AJOK2CO9LSF37,0.8499531056349282
A3PL8ENSYWS1PZ,0.8499787521108152
A2OPSPL8LSSJPC,0.8499874754556285
A3NI8JZCL7BZMC,0.8501274467486057
ATJQOAUHB5XB8,0.8501893836638813
APEJ8EJCC8PQ8,0.8503151639272664
A1ORZVQS8C1VVT,0.8503443842286877
AF7AQHLX1UV1Z,0.8504827505161502
A2T2SAJS88MYU4,0.8505361657211352
A1HTV2563HTSQV,0.8505375550248238
A2SBZZ1HSR7WSP,0.8505875274895338
A1XDIC6OQKYJXW,0.8506125048231301
A19HLKVPRTH3J2,0.8507030026555039
A1FO10Z93GKN33,0.8508092125807667
AB2G1XOBEGWK2,0.8508827105335197
A3CSWB0L9ZLD94,0.8509897942408724
A32ZOMCLX1I1U5,0.8509986685930054
A3CSSZ6U5J4YS5,0.8510125479660791
A1BPJ55PLYUA77,0.851151474437744
A1E5FQZTUM8OC1,0.8511950260536625
AKDQ6O42VUK1U,0.8512931554435181
A1365RYO0BLEMI,0.8515053594605433
A31JRW1DW3SZ2K,0.8515156090557573
A3157YGT1NASJ7,0.8517651721151672
A35CRCL7WVUCYG,0.8518437120698392
A23QTZE764PJNS,0.8518497605144404
AFLRU6952DEFX,0.8519434198432188
A3U02L2ZS4RKZP,0.8519484042612799
A3CCY53F5DTBAT,0.8519550585726282
AWO7I8YIL4WM3,0.8519614778954466
A9GIGJUB98JNR,0.8520153458351677
A3UJUX6RZ9WVCB,0.8525598114939663
A3HNQLK4NUFL4V,0.8527632201050172
A1DVUFG2QSJ6IK,0.8527920934547507
A3HKZSCGFU9T2A,0.8529713745685638
A2GHYL357KN5D7,0.8533714418520935
A67OJZLHBBUQ9,0.8534214349644453
A3U0UJAWIQO97V,0.8535675918030472
A5RJ7TM82RH0I,0.8539615333380304
AFBETARDFURG,0.8539977741856865
A2D8CUJPOSRPNA,0.8541664424067038
A1NJMJNF0MOBSL,0.8542052801064051
AYQCAPXJ81XTN,0.8543374709906566
A3A3ZCWP7Z4V4K,0.8546350059566095
A1CL807EOUPVP1,0.8546475973803256
A23AKO4BZLZ8DE,0.8548171086329358
A1EMTRDX5PBNCP,0.8549367971129596
AG1WIYDWYJK2A,0.8549385005327387
A13T4T3QOSII3I,0.8549530386018269
A1E8A4OVW16J0F,0.8550898582418762
A14BICJ93WO926,0.8551471445919413
A1Q6658P5Z5VWZ,0.8552092743509964
ADDW108CYRH41,0.8552595887298032
AWHL379EE14K7,0.8553783674526315
A2PN3GY7I3EKC1,0.85556118259638
A1QUIHLOSKDY7R,0.8557164606247346
A1GMWTGXW682GB,0.8557911646994953
A5YPGO11N17VJ,0.8558186918411806
A3OXHLG6DIBRW8,0.8558348600011496
A46D3MTB5LIUY,0.8558628279959802
A1WSJ7PT9GTD6B,0.8559128364287891
A1A45K51O5W6WS,0.8559320657126966
A22Z554ZQ8NFPC,0.855951177522615
AT01FH4U3GP0O,0.8559758674559707
A3AGHEETVTCBQI,0.8560436636555199
A14UXBBB68V9R0,0.8560825781008861
A4XWMOFB1HY04,0.8561240677210504
A3IKOEE8Z3T6BH,0.8561605713339016
A3SQ83YN5TLR95,0.8562144741439208
A319B090A2POEB,0.8562487546479666
A3FUKVX3B48315,0.8562940921556891
A3E0CF25A7LD2,0.8563047002706188
A2ZGEV4CTSCTIZ,0.8563415952175563
A2X64F7DOMZO23,0.8563698796544259
A1MZH3AW94SNWV,0.8565444230945347
A3Q144000BN4VX,0.8567197766666533
A2744KNJHWVXMZ,0.8567745502185034
A3JYKP076RBZKX,0.8567889095405282
A2H629SI5VJGRM,0.8568430491037434
A3NYBI5VMVEEIK,0.8568459321693291
A9MI2A9E3U4SJ,0.8568517146190251
A3MW5BXUOCCQV0,0.8568855207699425
A27EWIL4YBWTA0,0.8569036694410468
A3EUD541ZM0R0R,0.8572524431037654
A2AH7HRHDTQENH,0.857284570075918
A1VKC9AA9V7AUZ,0.8573157405314656
A27L5L6I7OSV5B,0.8573951002534997
A6CPFQQZ7GWAM,0.8575714906737959
A3FLOANV9JOFAM,0.8576337151590984
AMGUVF20JAOG8,0.8579016833556166
A30RI0AJ4CQBU1,0.8579135695369476
A2KP92X5N1M27B,0.8579389737773123
A3AZ44SMA0QNW7,0.8579609575895866
A1LJXZC1RFW07C,0.8580232044132792
ABPP6J9PWJ25O,0.8581433572478218
A2ZCJS7IOVCBBZ,0.8583340138408289
AGDWVRFL81B4O,0.8584529153615802
A1TSW5IJ1LU0RP,0.8584684712739535
A2IZ3Y69021TOQ,0.8585966413262053
A34PJAS16SWEES,0.8587918981072566
A29D3LXDSX7AR9,0.8590860542339612
A1OB5L3WMHJAD9,0.8591018683045332
A3FW4THIMBIN6V,0.8593075490809238
A1OGTL9EBDTK3N,0.859330382421669
A2JFDCLA9PZGQ0,0.8593837854434218
A2ZGBCQPF5Q17N,0.8594369420158032
A3UXW18DP4WSD6,0.8596239584789647
A3M4FU3WQWJHMP,0.8597279655158534
A1EVEQAR05SY7L,0.8598132278417633
A21M5LI1AU7184,0.8599790723253801
A2XVE2J5WGCSGX,0.8599853709166438
A19OOIXU7I2DVJ,0.8600445885241271
AZE83O4F1IJPR,0.8602097672064208
A3LOQW7Z1CEWA6,0.8602935864401816
A2T372SGRFAWYP,0.8603501543466373
A17CU1D2CWXOHB,0.8604451070259242
A2LBHMQ3142G3S,0.8605358702364777
AE9C0UNXBV8CB,0.8605756930003493
A21BUZUEH88ZTY,0.8606532091108379
A1YB1HAIR5HYF,0.8607975377735779
AGEG8LEO4USE3,0.8608204114328196
A16FNRY0AK3MUL,0.8608262665033393
AMACM7BGUQCZD,0.8609295449697432
A1A6YHHR4LBSDH,0.8610084245328786
A2D0F87RY5YMHN,0.8610240911691257
ANVQ2KPZUNR4R,0.8610578022127032
A3CIX8D2XGY9YK,0.8610618365859897
A3TTVWLIHLQPUW,0.8610760076529292
ANWEYV7T4CE6W,0.8611526782528609
A217QN6PDMKS1A,0.8611690194936872
A1JN3UIUZAHF7V,0.8611709868856425
A2J4UAF6RW13WK,0.8612259866915908
A34EGGJLO553D8,0.8613166874137229
A1FH0WI7JHQ1UN,0.8613256536949851
A1N06X05VZWO5Y,0.8614112454989393
A1KGQ62P8SRBRH,0.8614849441545112
A21GCOGHDQNHQS,0.8617167968271492
A2P2ST28QAZMJI,0.8618224648924994
A3CRG8NYUSK9PS,0.861825920414818
A2PR6NXG0PA3KY,0.8618561492685133
A203OCQQ12MAVT,0.8618765266707867
A3GAP455S8YH0M,0.8618810878595897
A7IZNVL7JXLM,0.8619300544563625
AJCHGS1GND4OA,0.8620427913832144
A24JW33E1DW64K,0.8620926537224614
APB6VJX5CNR5C,0.8625318550000425
A3T5EB75IPW75D,0.8626291223980371
A2J4GBHSDLP4DF,0.862646512922531
A2HMDN9HHJBVJT,0.8627176317722699
A2WN62QCUE1SON,0.8627180232289625
AZAYBFPLEDFL7,0.8627580149033672
A28X8QQ97HM6CX,0.8627981351841618
A3GJ25QG91UI9Y,0.8628815295219887
A2910Q67HYWNLA,0.8628982735779969
A887VAOUFX5BJ,0.8629089189403825
A2ICKZFBMHCMUK,0.8630688090421889
A18XUS08KE0ZOO,0.8630738898710082
A20ZLUR9AY29DV,0.8630954576541545
A20OSR94JNNBNA,0.8631488464063939
A1L8PDZLHQP76K,0.8631908194321423
A3ENT7V0MT34WP,0.8632053782908224
AJGIN15VFGXBG,0.863329865813549
AUEHG0DB54B7K,0.86340852410426
A1RZ32JTYABQWI,0.8635381081633859
A1NE73ZPH305T2,0.8636534279674581
ASSWT96453MFN,0.8636937567700979
A1T9A8YD2FU9UF,0.8638100841883757
A2RS66Y79Q8X0W,0.8639061989319708
A15WZCSME5X74S,0.8639597313728035
A13IKQCJKFAP5S,0.8640862529803142
A3EXWV8FNSSFL6,0.8641071241487411
A1YC9XEDFKXPLK,0.8641191869609296
A2C7BOQVFH1HLE,0.8641459352016247
A205483DF7XVDE,0.864174275677815
A15AWN40KRTLAX,0.8642042532235497
AIJC9YV7TOOZI,0.8642552192606483
A2MIP3AQVSF2SS,0.8643447035921838
A1MU6PI3YDK8H0,0.8644006804614929
AFAK8WG4O8INK,0.864421683934587
A2QDNNYZYK0P8U,0.8645106374856152
A1AGIP0FLI2VZW,0.8645148994273245
A2S7QK8I78V5AL,0.8646729194054151
A1PLZRS9YGDOSU,0.8647155306796218
A1TF131MUR8E2E,0.8648069755236522
AKERVCCP692MU,0.8648243220101236
A1FMJJKSVQDDQ,0.8650645174497182
A165EMA3YTIM6A,0.8651777967328521
A828MKX7XSRVF,0.8652925533751654
ADRAB7F3AI7OL,0.8655009221364572
A1TPKBOBV0O84Z,0.8656540018540887
A2HLXJBE9N7MPQ,0.8657099174787058
AZBUUKQLYKUCL,0.8657115731761169
AEQ4UWI5KZQEK,0.8657936253091171
A1UEIAIRVH070I,0.8658780977400033
A1S0NIJ5PDREYV,0.8659314004613045
A2IBPI20UZIR0U,0.8660182380070671
A2XKROL6XBFHT3,0.8660539971992128
A3AAUG2Z6BD186,0.8660926987600771
A20JJ8634DG3FS,0.8660942046149184
ANKVW8VF8OX52,0.8662398049091936
A3W055U2CV4M22,0.8663730964578454
A2U4UOBD0705V4,0.8663886855814618
A781ITP3HE2N5,0.8665202390984493
A1WHGNU87BGJ2S,0.8665216744758685
A2NYK9KWFMJV4Y,0.8665412265146805
A1MAQQXJZTMSKT,0.8666412788652954
AXRQEJIUZ6O8C,0.8667143669611697
A3E7O9NSS47TE8,0.8669278832174949
A1MVH1WLYDHZ49,0.8669525048969318
A1NIX2WA2ZKLV7,0.8670056761913486
A2NOZB6VZCTOI4,0.867066632465312
A3JV7KL1ECLZB8,0.8671642487773416
A1YR3RVSBZK8CW,0.8672617527194454
A1XNCV67JBJVF7,0.8672802707253912
AC3YNTR5UXE8L,0.8675867363538089
A26DC4NSWUURWF,0.8675896168578489
A1Y7AHJOSB52Z5,0.8676675645106099
A1V7G6OGGW7AGA,0.8677155576849694
A2QMNA0ZT6XMRR,0.8678005173701272
AQLKBEVHUQ0JK,0.8679246776464158
A1Q94IXHEGQDV7,0.8680676528620361
A2L2UGFA93HZ8V,0.8680768608931894
AL0L3LE7VYUNQ,0.8680809466693827
A2L0GT1DB2RRS4,0.8681463078675301
A3HCK3UXD6WS4G,0.8681982614309902
A32BCTL0HLOXRV,0.8682030566207146
AONGA3BHTK0EG,0.8684770800597371
A1BST1PTHGLBGJ,0.868616701812546
A16ZKUFXHXQFW5,0.8686967155744675
AOI0ZOFNLCIAV,0.8688913715929001
A3N7Y9QXT9LS9C,0.8689083145891808
A3MY4TZI3R7A1L,0.8690032182014109
A11CUP855AGGID,0.8691384064350096
A3LBEIXA1JL28I,0.8691877823516059
A280VP2CL6ZFZZ,0.8693650405703071
A3TLIMEV56GB3W,0.8695393855217693
A16UCWYG4924HH,0.869565552415804
AWY4LMNAC9DWZ,0.8695757936809241
AJK15Q9JOEHRH,0.8695925460044935
A9Q28YTLYREO7,0.8696146301007885
AV8MDYLHHTUOY,0.8696563025244309
AZX1JTWFRK1NT,0.8697824613816192
AKAVVQMXSAIGX,0.8698099691419382
A3SJQDTXQAGH4Q,0.8699308427472634
ARQ4B2B1XKNCA,0.8699888412669542
A1H2D403IZ5E6K,0.8703758998935913
A1IJUUNPU7L6LA,0.8704000864591511
A518S7KT78N51,0.8704164699930249
A2I9SZ9A7Y3I4G,0.8706629364885232
A1Y2BG1GPW1VT6,0.8707083314296866
A2CMX45JPSCTUJ,0.8709220922717434
A2EZWZ8MBEDOLN,0.8709771060799715
A1LQC225SE8UNI,0.8712007364263353
AJ03X8Z6RZZ27,0.8712754418916941
A37KJ0QD8HYF7A,0.8713578796832238
A28N4MT4ZTKCCE,0.8714714171411405
A1VPNRZ7LH1U58,0.8714771611529948
ABEQJOG7TS8GT,0.8714912420055205
A3ISKYEJS8SE0I,0.8715154740386306
A2XL6TZM34HFV3,0.8717691621072389
A36P367G4ZH6Z0,0.8717750931940844
A1BD73IAW04XMZ,0.8718835777501938
A3G40OIPT4I040,0.872026612967836
A36D1H2EY9J3B5,0.8720353823897856
A130512DQLSS8P,0.872070196810402
A2PBMCBT1R8TTL,0.8721201344861379
A3AOPVQ7EZHTWA,0.8723325286647068
AVF06892OWGJU,0.8723680786974277
A3IELJ39K3QL7,0.8725849542501074
A3ULZ8Y0EQNYK9,0.8726157038188717
A2H3JURQZOHVMB,0.8726414001015191
A2T6O9LRFP2POU,0.8726969413243225
A3JUQ2E799OC5B,0.8727124200188189
A178M2AHNWQZB0,0.8727166796451448
A2HR0IL3TC4CKL,0.872805840516481
A2F300193C5XH9,0.8728928307930505
A3J6ZI3CZPJ195,0.8730499602595742
A1VHYBN1NV73LZ,0.8730902099583719
A337Q3MSK8R040,0.8731189654132787
A3MA6EDS19YZMI,0.8731499935086202
A328S9RN3U5M68,0.8732179082601561
A2Z125PVH4WZE7,0.8732755061286396
A2WYF4POBUXL2O,0.8733757277951092
A1J0QTNI0OEXVL,0.8734117603194113
A3EWG5C5KW5W9C,0.8735181735269122
AK9KK8JXNK22H,0.8736463361626283
A1BH17V8BKLES,0.8737322473248703
A2DKT5ING3851G,0.873987637929014
A2T049UQONS0OY,0.8739916068173748
A2FFJCRIYMCVCZ,0.874115542647867
ADH0O8UVJOT10,0.8743171637826596
A3FTEM0VI81G1U,0.8743493796615858
AKSFZ4G1AXYFC,0.8744777017109152
A3BTH66WVCQAM9,0.8745847495519175
A2FKY0H8XIVS49,0.8746876086410424
A2U49LUUY4IKQQ,0.8748546767847429
A2JK2ITE138P7Z,0.8748991764973219
A1RPTVW5VEOSI,0.8749251111798285
A3FC8RMGVNDD5B,0.875028479844624
AM8M5BAQRIXY5,0.8751511475036297
A3LSEIG2PIJYBL,0.8752024622569187
A32AS2DFVX70IC,0.8752180042612678
A1YJ0FSPSGETGI,0.8753837433021312
A1N4PW6FTMBUSQ,0.8754914881663763
A1HWJ67HTSHUK,0.8755016868376151
A3SMT15X2QVUR8,0.8757545513359334
A2TKMA52AMCB31,0.8758467518846028
A195EZSQDW3E21,0.8759081537176485
A2WEH6H5AGO94E,0.8759525366355331
A2WPSFTKUFOE3N,0.8760155648440239
A3Q0XO3GPQDIB1,0.8760895694587826
A15N5RY4YGRQRQ,0.8761222965097041
A2AIMXT9PLAM12,0.8762750824602922
AOHR2Q90UXF23,0.8764173110633972
AEWYUPCNDV7HY,0.8764689336342155
A3KF2K1ZMAZSX4,0.8765858716336223
AUPNXT85JQX56,0.8766192334325875
AOINAOO0NQRGN,0.876769115272258
A1FI4UL6C50NZJ,0.8768305460827563
A1GR8HDW0EYP1K,0.8768928152749179
A1A9DIM802STMK,0.8769396285985718
A1MKI8U0B5F9BO,0.8770242954136279
ADLQ38QRL4JJB,0.877030716607466
A2Z7S8B5U4PAKJ,0.8770828398241906
AQ6J4B5WLGRJ5,0.8770994284830446
A2CCGGDGZ694CT,0.8771032604316984
A1OBQE8P47QQNE,0.8772055554107798
A2ZH5CU0WHICO5,0.8772473596339937
AAE2DUEMTR30I,0.877362659009063
ALV33FTOC032I,0.877436630148359
A2SHO0VJ6UYTEI,0.8776588632393396
A3TJKMUZIADF7V,0.8776797266882274
A3EZEP0FX5BC1P,0.8779285159915522
A30JFEZEVKQ7ZN,0.8779654352447157
AFVROUVTT63XM,0.878043369862882
A3SAZLWQ86H32,0.8780499460337999
A3GRVGD58ZUXD0,0.8780678487650636
A2IBIEEEVZ4LY5,0.8782255481670522
AOMEH9W6LHC4S,0.8782968089713848
A26M5O53PHZTKN,0.8784332791874208
A2EDYSY4M8TESS,0.8786890527820443
A3NMQFWLXPP8EV,0.8787975752049997
AL3G7RTXMGLDQ,0.8788287991472471
A2DL61Q3YPXBJ5,0.8788644191171451
A2WZI5ATR46HOA,0.878893267273973
A32VFJX0MAGKIQ,0.8789650854992034
A1TVFEIAK9EMID,0.8789850249073422
A2HJ42SXY123XK,0.8791537645699011
A234338PUKK2F1,0.8792717534051039
A3DDSAGWD0UN9H,0.8792845098244334
A2H5GRB3XXEBX0,0.8792974123806941
A1SMCTGDM2LK7X,0.8793207431864685
A1IT51TW0UI2LM,0.8793560810005504
A1UMM894XSEO4F,0.8794490228541064
A3DLRCC45S85QN,0.8794757325742658
AB39UO500J4EP,0.8796050203423394
A3I9YOR5DTRDBO,0.8796911650180108
A2YK8IW6PBF1SS,0.8797083681642528
A2CMN999R94YAR,0.8797318879087738
A3968V5F8JKMA3,0.8797455817728979
A1DMOOFE9R8N5U,0.8798715365958044
A134J0S1HWE4F7,0.879882675322415
A1UF7VX6WK4IAX,0.8799598829446026
A155BDNWFKKOZU,0.8799908296379854
A2WIXNN3ONVELF,0.880013425416069
A3GV19N4OWFRI0,0.8802012649347934
A1UBBIDQTDDF79,0.8803912129274675
A2F42NSN3HKRCU,0.8805495900542984
A2FJCITRT7GQ0N,0.880590373424799
AMH3MVGRC2YG,0.8806078655064203
AM3BPBII31X54,0.8806169543748196
A3RDS0DJ5EJGA7,0.8806287831975291
AL1WBEKIEPUPE,0.8807127928865345
A3VBVES8IYR5ZJ,0.8807676432637253
A1JNY4AZF0CELT,0.880821900965264
A34LQ791ACZ0JC,0.8812700425540086
A3R7OBBV42JO7O,0.8815017631184862
A5ZS85C5V40S8,0.8815819312783042
A2A7NHE5HTK79N,0.8816126656960822
A2RSUV50PF8N5P,0.8820485868753911
A21BMX5GT45BG9,0.8821995247288741
A1A9WJHKBSTI4C,0.8825869446714723
AI4D9I3NHD1H,0.8827470194887358
A2QDVOUXE4PYIM,0.882752464711864
A35LJUFQ9R1GZA,0.882871278808591
A21CRUTEAT9NE0,0.8832658331269221
A2ME4L6KCEYALS,0.8833040858738292
A23QN46H32A1PC,0.8833071784718762
A1NAA1R38JSNHV,0.8833513951225755
A2RM9L2MM9EQVE,0.883410431957363
A1IN3AZD6NZRSG,0.8834270331924724
A1WJVU9KICHFI,0.8838546839589843
A16CZRQL23NOIW,0.8839507703352742
A33VO4F87HEL8D,0.8839508565131817
A18X6ZT4AEYVKB,0.8840031282625618
A6DCSP36V3NQ1,0.8842959365501507
A22LLQ00V32YZJ,0.8843343806683949
A2TAPL67U2A5HM,0.8843722570934742
AZCRX02WIKUKQ,0.8846704448750689
A3DDZ2SENG07MS,0.884734273067492
A54S9CIUV5VNB,0.8847405073127946
A21INUA35HX4XQ,0.8849263197868246
A2VCXIAWCPQ13P,0.8851444602233182
AOAR43AVNYTFZ,0.8853704400651716
ADX51B11I24GZ,0.8854018043208854
A3MZ32748LR7U1,0.8854184143964169
A182VFGL9YR6SZ,0.8854750876158228
A2IWOXEV9ZI57O,0.8855458958908018
A1CRU79A1O9Z7Y,0.8856306460896609
A36E4U9SWJ2A4J,0.8856563154550864
A3HLW3G0TA8GX1,0.8857003560798509
A3N8WO094E7QFH,0.8857037061079117
AW91VDERXXKGT,0.8857516833539426
AO3E90T97U1XQ,0.8858291104524443
A36Z4FFAW2E6F7,0.886072885762916
AALVCMX1HXYV8,0.8860847914116349
AHLU5DG77U3Z6,0.8862140992090122
A2VH0UT5EQFB6P,0.8862953267976408
A39VT91VD5N5ZZ,0.8864272201854132
A12O5B8XNKNBOL,0.8865739028942151
A87NFCCTUG4PO,0.8867315754534022
A2LDM9R53PRQV0,0.886762035823226
A26SN2CVQM4FKM,0.8867743494335539
A3V2ESDQOBDOWM,0.8870137045745247
A2XXBZPQT5EXHV,0.8871559252272186
A3R7MXVQRGGIQ9,0.8872054658947721
A8ANJNZAZQ6IQ,0.8872274802667015
A1JUKS0DSO2XZG,0.8872536440455933
A3F5PI5IGUOJ5J,0.8872657315097273
A19T4IHJU5CZOE,0.8872758163912252
AARUYE130LY8W,0.8873028232769304
A2WR5U7RS4IIBY,0.8874669110470341
A3KDRLIBWILPMJ,0.8877707767195179
AHQILOKQ2QFJ0,0.8877756281550656
A1F89OE7BAM7EL,0.8878198913754228
A2Z89YMZZJWBHS,0.887911624458833
A1YP96MT6W9FTB,0.8879643546036269
A15RRJL2HT44J4,0.8879687373904905
A2A55AXWOFFDVZ,0.888116494078866
A1ZQVN0F0FURHH,0.8881267927690344
AI4MUD97FH6G2,0.888222527545645
A38L9I59GH34O0,0.8882540657434999
A3EJWHGO91FA0N,0.8884015045122664
A2Q8HEWTM998RT,0.8884677397997682
A2C2DPAETXA2LA,0.888676227611881
A3BJOYY5ZWF5VM,0.8887155030863587
A1KHRDDADT7UR3,0.8889698730929076
AZJPNK73JF3XP,0.8889937455599528
A1HW9DAJBYXGDV,0.8893168321430396
A1QUNDM9NDNQ3I,0.889669088447837
AQ4B80F0JSBNI,0.8898894641463386
A3FQ9WYUHG9CD,0.8900474630941402
A2R6RA8FRBS608,0.8900962653527261
A259OLFU32U6WF,0.8902024600272562
AR64CEBJWBICU,0.8902053927624441
A362IZKSMV6MA8,0.890240369271321
A8MQNZK3J0UEX,0.8903927719317768
A33H0WC9MI8OVW,0.8904869635729519
A2XOV3ZKGDK55G,0.8907864644281818
A2PAD826IH1HFE,0.8912698766151745
A2KI91IR3RA7D0,0.8913254495845826
A21VR7M8O55EF6,0.8913777444633832
A20IIR0422G3A5,0.8914618732923755
A3VPISTBNS66C5,0.8914900117018942
A3119E8HWUNIR6,0.8916649480539275
A3ZBLSAPZB9LE,0.8919602505923724
A2LCMTZJ0W9MC4,0.8921215167701557
A17A1KTVI3DG6U,0.8922050675054414
AWLVQ1NSU3LDS,0.8923786085506266
AU3GYRAKBUAEU,0.8926561688196218
A1EX4410F46C8O,0.8930401483163287
AUZ9IPTKJKFDK,0.8930888659960536
A1G3BCHYU9YN0M,0.89314134134911
A27CHILBK6HIL2,0.8932530811625302
A327J5R77T2EY3,0.8938090409450759
A340EP2V92ZJN4,0.8945120319345369
ABBE2DL4IFLM5,0.8945329408381864
A2CARFAX5FNQT9,0.8950107931857665
A213GT1IEJASV9,0.8954396693632536
A2MR43RDPZX3J,0.8955111483468698
A2Z2C24D9CFSNK,0.895520201456489
A2CWIYIETNBAK3,0.8956378092615105
A348XX03AFWC06,0.8961186349377606
A2FP1VAXMLALJL,0.8972452681251736
A1R019TURAPFDS,0.89731659284654
AYOPOFV2QKC31,0.8978597156920688
AGYH5U11ZKPFB,0.8984858417175304
A6FIAB28IS79,0.8985167373835711
A3L1VJMHFWONCB,0.8985750471417092
A36KP6KBIR04A6,0.8985785122884411
A1HV1D5EKO45GA,0.8986694509736805
A2FNBA2IE59Q7V,0.8990078176287022
ASEBX8TBYWQWA,0.8994117967922756
A26JHKA8SNXV6P,0.90070095274008
A33GGROUQRQZS,0.9008314612336282
A1WQNVR4H66YX9,0.9010387413022767
A2FHTXLKY1XJDB,0.9015737063188433
AMTQJ1ZZ58BO4,0.9024220128373143
A11UIUHN1Y2CT9,0.902607716240676
A35NH9645XGBYN,0.9030748387829951
A2Z1BOQPVQK2M4,0.9031199981488827
A1XI5UAJE5Z6KN,0.9032253575065965
A6FDX81TP40XH,0.903272049608575
A38B6AQ6JXEZRJ,0.9033147214663642
A1UV2YLHHN029W,0.9033541061279771
A3J92SGND5U8KQ,0.903372377196018
AJEJA4LGV4R7B,0.9036553076575955
A2NEVXUACYIECB,0.9041495726340251
A1P6EK8AZ4MHTA,0.9045307538948352
A22PLUFHYLF0DD,0.9054805393156242
A1ZXMMQPYC3Z9I,0.905570904136994
AZC562U18BK2S,0.9062057548391959
A3923UGIPX0QQM,0.9065004374543463
A188XNV7VNF86X,0.9071337283739401
AMVC9WTXYKNJ1,0.9071726563090703
A3QS1EPDZTLPWS,0.907869057818793
A3U3PA6J2XOVFK,0.9079830431678476
A3N0P5AAMP6XD2,0.9080497618356994
AQ9T9A5WJXVA9,0.9084790558886393
A8EDTKSPOMRWK,0.9089450846589463
A1U60H9JC7QIOV,0.9093858962885024
AOMYCJCJUYJNE,0.910120608353085
A1ANRKHR4QWXJU,0.9107411206402487
A25J3RX2LN6F75,0.9108614147342977
AEN6KDJ3AJDK6,0.9115901977650573
A3F0PJ13ABC74,0.9120494065369039
A70WPHE33U5B,0.9127953879346392
A129YBX5BVNW2,0.9129368670278641
A10W40DOIE1EOP,0.9138860591248374
A1ODZ7SDUPEGNK,0.9139568959799772
A3CN9CCJUNIPKT,0.9140412235015153
ADF9I3DTB6C3Q,0.9157148058622506
A1BTNPMESS99PL,0.9158196426873212
AEV640MKB3I9J,0.9168361865657584
AGLHCU1KX96DZ,0.9168387058942006
A3KCMH49L6KTHM,0.9198271070806382
A3DZO3XOVR9A36,0.91998121152587
A3OA4DV4L81N1D,0.920018398812188
AXWB93VKVML6K,0.9200249071242074
A2VUJIAXDW619B,0.92063530411962
A1M4PLIMMFF06,0.924669819205746
A2VET003MCRZM2,0.9256460957577936
A1AL15PY5AVFNX,0.9280585161640545
AM661YKPDTTE2,0.9284139531751536
A3L9FT8OJY4Q6I,0.9326615558521213
AG6RYH37N8CQ7,0.9339804996317134
A2WQY1B8ZS7QRZ,0.9354867666669042
A14GK0E64J0WAS,0.9395526969455065
A2X7NBUETXC19E,0.9405273056441509
A30IQE4G73MT80,0.9405532644762253
